Recipe,"Overnight Oats:  Tropical Sunrise (Mango, Coconut & Cashew)",,
Ingredients,,,
,,,
,Rolled Oats,2,cup
,Almonds,80,g
,Water,3,cup
,Alphonso mango pulp,1,cup
,Chia seeds,35,g
,Shredded coconut,20,g
,Cardamom,0.5,tsp
,Cashews,20,g
,Blueberries,200,g
,Maple Syrup,25,ml
,,,
Steps to Prepare,,,
1,Blend water and almonds together to a smooth milky consistency.  This is used in place of store brought almond milk,,
2,Then add 90% of the mango pulp and blend it all together.  Reserve the remaining mango pulp to drizzle on top before serving,,
3,Mix it with the oats and chia seeds to it and refrigerate overnight.  The liquid should be about twice the volume as the oats,,
4,in the morning the oats should have soaked the liquid and you should have a porridge consistency,,
5,"Garnish with cashews, shredded coconut and mango pulp drizzle.  Serve with a side of blueberries and maple syrup",,
,,,
Recipe,Rajma,,
Ingredients,,,
,Rajma,2,cup
,Jeera,2,tsp
,Sunflower Oil,2,tbs
,Ginger,10,g
,Garlic,10,g
,Onion,450,g
,Tomatoes,500,g
,Turmeric powder,2,tsp
,Red chilly powder,1,tsp
,Coriander powder,2,tsp
,Garam masala,2,tsp
,Cilantro,0.25,bunches
,Ginger,10,g
,Salt to taste,,
,,,
,,,
Steps to Prepare,,,
1,Soak: Rajma overnight.  Prep:  Chop onions.  Coarsely grind tomatoes.  Grind ginger garlic  green chilli into a paste.  Julienne ginger and chop cilantro for garnish,,
2,Boil : Add the required amount of water and salt and  boil the rajama until cooked properly.  If using a pressure cooker let it cook on slow flame,,
,for 15 minutes after the cooker is at full pressure,,
3,"Tempering : In a pan add oil.  When hot add jeera and saute until they crackle. Add coarsely ground green chilli, ginger and garlic paste and saute for a min",,
4,"Saute onion with Tumeric poweder, corander poweder,  and salt  until the onions turn light brown",,
5,Saute for a few mins then add tomatoes and saute it until the mixture starts to leave oil on the sides,,
6,Drain the liquid from the cooked rajma and reserve on the side.  Add rajma (without the cooking water) and fry the beans with the masala,,
7,Then add the reserved water.  Let it simmer on low flame for 10-15 minutes. Add garam masala at the end and remove from flame. ,,
8,Garnish it with Cilantro and ginger julienne,,
,,,
,,,
,,,
Recipe,Green Salad with Sesame Ginger Dressing,,
Ingredients,,,
,,,
,Tomatoes,100,g
,Cucumber,100,g
,Green Bell Pepper,100,g
,Sunflower seeds,50,g
,Romaine Lettuce,200,g
,Spring Mix,200,g
,Purple Cabbage,100,g
,Sesame seeds,5,tbs
,Rice vinegar,4,tbs
,Tamari,2,tbs
,Ginger,10,g
,Maple syrup,2,tsp
,Black pepper,1,tbs
,Salt to Taste,,
,,,
,,,
Steps to Prepare,,,
1,Need gloves when making salad.  Make sure gloves dont get cut when chopping by knife or food processor,,
2,Dressing: simply blend the ingredients in vitamix until smooth. Add water as needed,,
3,The dressing should be of a creamy consistency and it thickens slightly with time,,
4,Wash and drain the lettuce and let it dry.  Cut the lettuce into bite sized pieces.  Thinly slice the cabbage and onions.,,
5,"Cut the tomatoes, cucumbers and bell peppers into 1 inch cubes",,
6,"In a large bowl, add everything except dressing.",,
7,Just before serving drizzle the dressing over the salad bowl. Use 2 wooden spoons and toss until everything is evenly coated.,,
,,,
,,,
Recipe,Cauliflower potato sabzi (dry),,
Ingredients,,,
,Cauliflower,1,kg
,Potato,500,g
,Tomatoes,300,g
,Green Chillies,7,g
,Ginger,25,g
,Cilantro,0.5,bunches
,Onion,200,g
,Sunflower Oil,75,ml
,Jeera,2,tsp
,Red Chilly Powder,0.5,tsp
,Turmeric Powder,1,tsp
,Coriander powder,3,tsp
,Jeera powder,3,tsp
,Garam Masala,2,tsp
,,,
,Salt To taste,,
,,,
Steps to Prepare,,,
1,To be made in batches,,
2,Cut potatoes in 1/2 inch long wedges.  Cut the cauliflower into medium florets (1-1.5 inches).   Make a rough paste of ginger and green chillies. Slice Onion and cut in half.  Finely chopped tomatoes.,,
3,"Heat the oil, once hot add jeera, turmeric.  Add ginger-chilly paste and onion and saute until onions are translucent. Add tomatoes and cook for a few mins. ",,
4,"Add turmeric, red chilly powder, coriander powder, salt and mix well",,
5,"When tomatoes get cooked and oil seperates, dd potatoes and mix.  Cover and let it cook for a few minutes until the potatoes are about 50% done.  Add a splash of water to prevent potatoes from burning",,
6,"Add cauliflower, salt and mix.  Cover and cook on medium-high flame turning it occassionally so that it doesnt burn",,
7,Add garam masala once the cauliflower and potato are cooked and give it a good mix. ,,
8,Garnish with cilantro and serve,,
,,,
Recipe,Panchratna Dal,,
Ingredients,,,
,Mung Dal,1,cup
,Toor Dal,1,cup
,Urad Dal,0.2,cup
,Chana dal,0.2,cup
,Masoor dal,0.6,cup
,Onion,250,g
,Tomatoes,300,g
,Ginger,2,tsp
,Green chillies,10,g
,Red chillies,5,g
,Jeera,1,tsp
,bay leaf,1,g
,Red chilly powder,1,tsp
,Turmeric powder,1,tsp
,garam masala,0.5,tsp
,Sunflower oil,4,tbs
,Garam masala,1,tsp
,Lemon juice concentrate,2,tsp
,,,
Steps to Prepare,,,
1,Wash and soak the dal for 2 hours.  Boil on stovetop with 3x water and half the turmeric.  Keep stirring occassionally.  Remove from heat once fully cooked.,,
2,Finely chop the onions and tomatoes and keep aside.  Chop the cilantro.  Make green chilly-ginger paste.,,
3,"Heat the oil, add whole red chilli, green chilli jeera, bay leaf, hing.  Add ginger and then add chopped onion. ",,
4,Fry onion until translucent.  Add dry spices and mix.  Add chopped tomatoes and saute until the tomatoes are cooked and the mixture starts to release oil,,
5,Add the cooked dal to it and mix properly.  Let it simmer on low heat for 15-20 minutes stirring occassionally,,
6,"Switch off the flame, add lemon juice and garam masala and mix properly.  Garnish with cilantro before serving",,
,,,
,,,
Sliced Cucumber & Carrots,,,
Ingredients,,,
,Cucumber,300,g
,Carrots,300,g
,Black pepper,5,g
,Salt to taste,,
,,,
Steps to Prepare,,,
1,Always use gloves when making food that will be served raw!  Wash cucumbers and dry.  Wash carrots and peel them,,
2,Slice both through the food processor.  Add salt and pepper.  Cover and refrigerate until ready to serve,,
,,,
Recipe,Dal Tadka,,
Ingredients,,,
,,,
,Toor dal,2.5,cup
,Sunflower oil,1,tbs
,Ghee,2,tbs
,Jeera,2,tsp
,Hing,0.5,tsp
,Turmeric powder,1.5,tsp
,Red Chillies,2,g
,Cilantro,0.25,bunches
,Lemon juice concentrate,1,tbs
,Salt to taste,,
,,,
,,,
Steps to prepare,,,
1,Wash Toor dal and soak for 1-2 hours,,
2,Pressure Cook dal with turmeric and a little salt (1:3 water ratio) and then whisk it to mix it well,,
3,Take about 20% of the dal aside for vegan serving,,
4,"For the regular dal:  bring the dal to a boil and make a seasoning with ghee, jeera, hing, red chillies.  Add to the dal and mix",,
5,Add lemon juice and chopped cilantro and switch off the flame,,
6,For vegan dal follow the same process but make the seasoning with oil instead of ghee,,
,,,
,,,
Recipe,"Aloo, matar, tamatar dry subzi",,
Ingredients,,,
,,,
,Sunflower Oil,4,tbs
,Hing,0.5,tsp
,Jeera,1.5,tsp
,Green chillies,2,g
,Potato,1.2,kg
,Salt,to taste,
,Coriander powder,1,tbs
,Red chilly powder,0.5,tsp
,Peas,1,cup
,Tomatoes,100,g
,Jeera Powder,0.5,tsp
,,,
,,,
Steps to prepare,,,
1,Heat oil. Add hing and cumin seeds. Add chopped green chilly and potatoes. Saute on medium flame. Cover.,,
2,"Add salt, and continue to saute. Add a sprinkling of water (for it to cook faster).",,
3,Continue to saute and cover and cook - stirring intermittently - all on medium flame.,,
4,When potatoes are about half cooked add Coriander powder and chilly powder.,,
5,"Continue to cook and stir. Again, add a bit of water if needed.",,
6,"Add chopped coriander, frozen peas, and tomato.  Cover, cook, and saute till potatoes are done (should not be mushy)",,
7,Add Roasted cumin seed powder.,,
,,,
,,,
Recipe,Radish Salad,,
Ingredients,,,
,,,
,Radish,750,g
,Lemon Juice Concentrate,6,tsp
,Salt to taste,,
,Cilantro,0.5,bunches
,,,
,,,
Steps to Prepare,,,
1,Discard the top and bottom tip of the radishes and wash well,,
2,Peel their skins and grate them through a food processor (thicker shred),,
3,"Mix the grated radishes with salt, lime juice, and cilantro.  Serve",,
,,,
,,,
,,,
,,,
Recipe,Yellow Mung Dal Khichdi,,
Ingredients,,,
,,,
,Ambe mor rice,1.5,cup
,Mung dal,1.5,cup
,Water,12,cup
,Ginger,8,g
,Green Chillies,2,g
,Cloves,4,g
,Cinnamon,4,g
,Mustard seeds,1,tsp
,Jeera,2,tsp
,Hing,1,tsp
,Red Chillies,2,g
,Turmeric Powder,1,tsp
,Red chilly powder,1,tsp
,Coriander powder,2,tsp
,Jeera powder,1,tsp
,Sunflower Oil,2,tbs
,Lemon Juice Concentrate,2,tbs
,Spinach,0.5,bunches
,Salt,to taste,
,,,
Steps to Prepare,,,
1,Wash the rice and mung dal and leave aside,,
2,"Trim off the root end of the spinach bunch.  Wash by immersing in water, and removing it in a strainer",,
3,Chop the spinach in bite sized pieces,,
4,"Heat the oil.  Once warm add cloves and cinnamon and allow them to sizzle.  Add jeera, hing, red chillies, and turmeric.",,
5,Add washed dal and saute for 4-5 minutes.  Add water and let it cook on open flame on medium heat (once boiling),,
6,"Add coriander and jeera powder, and salt and mix well",,
7,"Once the rice and dal are cooked the consistency should be like a thick porridge, not dry.  Add water if needed",,
8,Finally add the lemon juice concentrate and spinach.  Mix well.  Cook until the spinach wilts slightly,,
9,Spinach should be bright green and not fully cooked.  Switch off the flame.  The remaining heat will cook the spinach ,,
10,Serve with ghee on the side,,
,,,
,,,
,,,
Recipe,Gujarati kadhi,,
Ingredients,,,
,,,
,Yogurt,3,cup
,Besan,0.5,cup
,Ginger,20,g
,Cilantro,0.5,bunches
,Green Chillies,3,g
,Ghee,55,ml
,Jeera,2,tsp
,Hing,0.5,tsp
,Methi seeds,1,tsp
,Cinnamon,3,g
,Cloves,1,g
,Curry leaves,0.5,packets
,red chillies,3,g
,Salt,to taste,
,Sugar,3,tsp
,Water,9,cup
,,,
Steps to Prepare,,,
1,"In a bowl whisk together the gram flour (besan), green chilly-ginger paste, yogurt, and salt with water",,
2,Beat to a smooth mixture without any lumps.,,
3,"In a saucepan heat ghee, add methi seeds, cumin seeds, cinnamon, cloves, hing, red chillies and curry leaves",,
4,Add the yogurt-water mixture which we had prepared earlier. Stir and mix well.,,
5,Bring it to a boil on medium-low to medium heat stirring occassionally so the mixture doesnt separate,,
6,Continue to simmer until the raw taste of besan is gone and the kadhi thickens.  Add sugar and mix till it dissolves,,
7,Garnish with chopped cilantro before serving,,
,,,
,,,
,,,
Recipe,Cucumber Tomato Carrot Salad,,
Ingredients,,,
,,,
,Cucumber,300,g
,Tomatoes,200,g
,Carrots,200,g
,Onion,55,g
,Cilantro,0.25,bunches
,Jeera Powder,1,tsp
,Salt,to taste,
,Lemon Juice Concentrate,2,tsp
,,,
,,,
Steps to Prepare,,,
1,"Finely chop cilantro, cut tomato, and cucumber in small cubes.  Grate the carrots in the food processor",,
2,"Mix all the ingredients above, add salt, jeera powder, and lemon juice concentrate and mix well",,
,,,
Recipe,"Drumstick, Plantain & Arbi sambar",,
Ingredients,,,
,Toor dal,1.75,cup
,Tamarind,40,g
,Sambar powder,3,tbs
,Turmeric powder,1,tsp
,Red chilly powder,1,tsp
,Cilantro,0.5,bunches
,Drumstick,225,g
,Plantain,225,g
,Arbi / Taro Root,75,g
,Tomatoes,75,g
,Sesame (Gingelly) Oil,2,tbs
,Methi seeds,0.5,tsp
,Mustard seeds,1,tsp
,Urad dal,1,tsp
,Jeera,1,tsp
,Hing,0.25,tsp
,Red Chillies,5,g
,Curry leaves,0.5,packets
,Salt,to taste,
,,,
Steps to prepare,,,
1,Rinse the toor dal 2-3 times in water and soak it with 3x water and some hing and a few drops of oil for atleast 1-2 hours,,
2,Pressure cook it with turmeric.  Once the cooker is at full pressure reduce the heat and let it cook for 15 minutes,,
3,"Switch off the flame and let the pressure drop naturally.  Once the pressure drops, open the lid and whisk the cooked dal together until its smooth",,
4,Soak the tamarind in hot water for an hour.  Make pulp and set aside,,
5,"Chop the vegetables:  drumsticks into 2 inches long cuts, peel and cut taro root into 1 inch cubes, tomatoes into 1 inch cubes",,
6,Boil the vegetables in water with turmeric and salt.  Keet it covered and cooking at medium heat.  When half cooked add the tamarind water and half the sambar powder,,
7,"Once the vegetables are soft, add the cooked dal, remaining sambar powder and salt.  Bring to a boil",,
8,Once it starts boiling lower the flame and let it simmer for 5 minutes.  You may leave the pot partially covered but stir occassionally and ensure the sambar doesnt boil over,,
9,"Tempering:  Heat oil in a pan.  Once hot add mustard seeds, urad dal, jeera, methi, hing, dry red chillies and curry leaves",,
10,Add the tempering to the sambar.  Garnish with cilantro,,
,,,
,,,
Recipe,Cabbage Poriyal,,
Ingredients,,,
,Cabbage,750,g
,Coconut oil,4,tsp
,Mustard seeds,1.5,tsp
,Urad dal,2,tsp
,Chana dal,2,tsp
,Curry leaves,0.3,packets
,Hing,0.25,tsp
,Turmeric powder,1,tsp
,Salt,to taste,
,Lemon juice concentrate,1,tsp
,Frozen coconut,100,g
,Red chillies,5,g
,Jeera,2,tsp
Steps to prepare,,,
1,Shred the cabbage in a food processor on the thick slice setting,,
2,"Heat oil in a pot.  Add mustard seeds, urad dal, chana dal, few curry leaves and hing",,
3,"Add shredded cabbage, turmeric and salt to taste.  Saute for 1-2 minutes",,
4,Cover and let it cook on low-medium heat stirring occasionally,,
5,"Prepare the coconut masala by blending the coconut, kashmiri red chillies and jeera into a coarse paste (do not add any water - make this in the food processor)",,
6,if you are making the paste in the vitamix add a little water and make it in small batches,,
7,Add the coconut masala to the cabbage and mix well,,
8,Let it simmer for 2 minutes.  The cabbage should be cooked but should have a slight bite (dont overcook the cabbage),,
,,,
Recipe,Carrot Mung Dal Salad,,
Ingredients,,,
,Carrots,500,g
,Mung Dal,0.75,cup
,Frozen coconut,68,g
,Lemon juice concentrate,3,tbs
,Mustard seeds,1,tsp
,Urad dal,2,tsp
,Green chillies,5,g
,Hing,0.5,tsp
,Curry Leaves,0.5,packets
,Cilantro,0.5,bunches
,Sunflower Oil,6,tsp
,Salt,to taste,
Steps to prepare,,,
1,Remove the frozen grated coconut from the freezer and let it thaw completely,,
2,"Soak the mung dal for 1 hr and then drain the excess water, keep aside in a large mixing bowl. Do not soak dal for more than an hour.",,
3,Grate the carrots in the food processor and mix with the soaked dal,,
4,Clean and finely chop cilantro.  Finely chop green chillies and curry leaves and keep aside,,
5,"Heat oil, add mustard seeds, once they sputter add urad dal, hing .  When urad dal is golden add curry leaves and green chillies",,
6,"Add the coconut, salt, lemon juice, coriander leaves.   Toss and mix evenly and serve",,
,,,
,,,
Recipe,Vegetable Pulav,,
Ingredients,,,
,,,
,Basmati Rice,4,cup
,Water,4,cup
,Salt,to taste,
,Saffron,1,tsp
,Sunflower oil,6,tbs
,Coconut milk,2,cans
,Cinnamon,3,g
,Bay Leaf,6,g
,Cardamom,6,g
,Cloves,3,g
,Green Chillies,6,g
,Vegetables,,
,Ginger,25,g
,Garlic,25,g
,Cauliflower,150,g
,Peas,0.75,cup
,French Green Beans,100,g
,Onion,200,g
,Tomatoes,100,g
,Cilantro,1,bunches
,Mint,1,bunches
,Kasuri Methi,1,tbs
,,,
Steps to Prepare,,,
1,Soak rice for 1/2 hour.  Soak the saffron in 25 ml warm water,,
2,"Slice the onions, chop the tomatoes.  Cut the remaining vegetables in uniform sizes so they cook evenly.  Finely chop the herbs",,
3,"Heat the oil, add whole spices and sliced onions and sautee until the onions are golden brown.  Add ginger, garlic and green chilly paste",,
4,Puree the tomato.  Add the tomato puree and half of the mint and cilantro to the onions and mix,,
5,"Add kasuri methi, chopped vegetables, salt and mix. Also add the soaked saffron along with the water. Cover and let it cook on medium flame until the vegetables are about 80% cooked",,
6,"Pour in 2 cans of coconut milk ( approx 4 cups) mixed with 4 cups of water, add remaining cilantro and mint and mix it well",,
7,"Add soaked rice, cook on medium flame until water evaporates. Then cover with lid, lower the flame and cook for 15 minutes",,
8,Switch off the flame and let it sit for about 10 minutes before opening the lid,,
,,,
,,,
Recipe,Cucumber tomato onion raita,,
Ingredients,,,
,,,
,Cucumber,250,g
,Tomatoes,250,g
,Onion,50,g
,Cilantro,0.2,bunches
,Jeera Powder,1,tsp
,Salt,to taste,
,Yogurt,2,cup
,,,
,,,
Steps to Prepare,,,
1,"Finely chop onion and cilantro, cut tomato, and cucumber in small cubes",,
2,"Mix all the ingredients above, add salt and jeera powder",,
3,Whisk yogurt and keep it on the side for people to help themselves.  Add a little salt and jeera powder to the yogurt.,,
,,,
Recipe,Pink Paradise:  Overnight Oats,,,
Ingredients,,,
,,,
,Rolled Oats,2,cup
,Almonds,100,g
,Water,4,cup
,Strawberries,150,g
,Chia seeds,15,g
,Maple syrup,4,tbs
,Served alongside:,,
,Blueberries,200,g
,Maple Syrup,25,ml
,Cashews,50,g
,,,
,Steps to Prepare,,
,1,"Blend water, almonds and chia seeds together to a smooth milky consistency",
,2,Add strawberries and blend pulse the mixture is pink.  Its okay to have a few pieces of unblended strawberry to add to the texture,
,3,Mix the blended mixture with the maple syrup. Add to the oats and give it a good mix,
,4,The liquid should be about about twice the volume as the oats.  Refrigerate overnight,
,5,in the morning the oats should have soaked the liquid and you should have a porridge consistency,
,6,"Serve with a side of cashews, blueberries and maple syrup",
Recipe,Black chana curry,,,
Ingredients,,,
,To boil chickpeas,,
,Black Chana,400,g
,Onion,100,g
,Garlic,5,g
,Ginger,5,g
,Green chillies,3,g
,Tomatoes,250,g
,Turmeric powder,1,tsp
,Red Chilly Powder,2,tsp
,Jeera powder,2,tsp
,Coriander powder,2,tsp
,Water,,
,Ghee,2,tbs
,Hing,0.25,tsp
,Garam Masala,1,tsp
,Kasuri Methi,2,tsp
,Cilantro,0.5,bunches
,,,
,,,
Steps to Prepare,,,
1,Wash & soak the chane in water overnight.,,
2,"For the prep, add onion, garlic, ginger & green chilli in a chopper & chop it roughly, you don’t have to make it extremely fine, transfer the onion mixture into a bowl & chop the tomatoes similarly.",,
3,Discard the water from soaked chane & add them into a pressure cooker and cook it so that they are soft and not mushy.,,
4,"Heat oil, once add the onion, garlic, ginger, green chilli chopped and saute for a bit.  Add tomato and saute until the oil starts to separate.  ",,
5,"Add turmeric, coriander and jeera powder, garam masala, red chilli powder salt and let it cook well",,
6,Add the boiled black chana along with any reserve water,,
7,Let the mixture cook and blend well. Add reserved water to desired consistency.,,
8,Gravy should be thin for this recipe but you can adjust it according to your preference.,,
9,Garnish with finely chopped cilantro,,
,,,
,,,
Recipe,Cucumber Tomato Onion Raita,,,
Ingredients,,,
,,,
,Cucumber,250,g
,Tomatoes,250,g
,Onion,50,g
,Cilantro,0.2,bunches
,Jeera Powder,1,tsp
,Salt,to taste,
,Yogurt,2,cup
,,,
,,,
,,,
Steps to Prepare,,,
1,"Finely chop onion and cilantro.  Cut tomato, and cucumber in small cubes.",,
2,"Mix all the ingredients above, add salt and jeera powder",,
3,Whisk yogurt and keep it on the side for people to help themselves.  Add a little salt and jeera powder to the yogurt.,,
,,,
,,,
,,,
,,,
,,,
Recipe,Aloo Gobi Mutter Sabzi,,,
Ingredients,,,
,Cauliflower,0.75,kg
,Potato,400,g
,Tomatoes,150,g
,Peas,1,cup
,Green Chillies,5,g
,Ginger,15,g
,Garlic,10,g
,Cilantro,0.5,bunches
,Lemon juice concentrate,2,tsp
,Sunflower Oil,75,ml
,Jeera,2,tsp
,Salt,To taste,
,Spices mixed with a little bit of water:,,
,Turmeric Powder,2,tsp
,Red chilly powder,2,tsp
,Hing,0.5,tsp
,Jeera Powder,2,tsp
,Coriander powder,4,tbs
,,,
Steps to Prepare,,,
1,"For Masala Mixture:  In a bowl add water, turmeric powder, red chill powder, hing, jeera powder and mix everything properly then keep aside for further use",,
2,"In a pot heat oil.  Add cumin seeds, ginger, green chillies, garlic and saute for a few seconds then add the prepared masala mixture",,
3,"Saute until the oil starts separating. Add tomato and saute until cooked.  Then add cauliflower, potatoes, salt, water and mix everything properly.",,
4,Then cover and cook on low heat for 10-12 minutes.,,
5,Remove the lid and stir in the chopped coriander leaves. Switch off the flames then cover and keep aside for 2-3 minutes.,,
6,Then garnish with chopped cilantro and serve ,,
,,,
,,,
Recipe,Mixed dal tadka,,,
Ingredients,,,
,Mung Dal,1,cup
,Toor Dal,1,cup
,Urad Dal,0.2,cup
,Chana dal,0.2,cup
,Masoor dal,0.6,cup
,Onion,200,g
,Tomatoes,250,g
,Ginger,2,tsp
,Garlic,10,g
,Green chillies,10,g
,Red chillies,5,g
,Jeera,1,tsp
,bay leaf,1,g
,Red chilly powder,1,tsp
,Turmeric powder,1,tsp
,garam masala,0.5,tsp
,Sunflower oil,4,tbs
,Coriander Powder,4,tsp
,Kasuri Methi,2,tsp
,Lemon juice concentrate,2,tsp
,,,
,,,
Steps to Prepare,,,
1,Wash and soak the dal for 2 hours.  Boil on stovetop with 3x water and half the turmeric.  Keep stirring occassionally.  Remove from heat once fully cooked.,,
2,Finely chop the onions and tomatoes and keep aside.  Chop the cilantro.  Make green chilly-ginger-garlic paste.,,
3,"Heat the oil, add whole red chilli, green chilli jeera, bay leaf, hing.  Add ginger and then add chopped onion. ",,
4,Fry onion until translucent.  Add dry spices and mix.  Add chopped tomatoes and saute until the tomatoes are cooked and the mixture starts to release oil,,
5,Add the cooked dal to it and mix properly.  Let it simmer on low heat for 15-20 minutes stirring occassionally,,
6,"Switch off the flame, add lemon juice, kasuri methi, and garam masala and mix properly.  Garnish with cilantro before serving",,
,,,
,,,
Recipe,Green salad w/ sesame dressing,,,
Ingredients,,,
,Purple cabbage,100,g
,Spring Mix,200,g
,Romaine Lettuce,200,g
,Carrots,100,g
,Cucumber,100,g
,Salad Dressing,,
,Ginger,2,tbs
,Fuji Apple,50,g
,Soy Sauce,1.5,tbs
,Rice Vinegar,1.5,tbs
,Sugar,1,tsp
,Sesame Seeds,25,g
,Olive oil,2,tbs
,Black pepper,5,g
,Salt,To taste,
,,,
,,,
,,,
Steps to Prepare,,,
1,"Trim the end of romaine lettuce, wash and let it drain to dry",,
2,Need gloves when making salad.  Make sure gloves dont get cut when chopping by knife or food processor,,
3,Discard the top and bottom tip of the carrots and peel them.  Trim cucumbers and wash well.,,
4,Thinly slice the cucumbers and carrots in the food processor.  Finely shred the purple cabbage,,
5,For the salad dressing:  blend all ingredients together into a smooth creamy dressing.  Add water to get the right consistency,,
,,,
,,,
Gujarati Dal,,,
Ingredients,,,
,,,
,Toor dal,2.5,cup
,Sunflower oil,3,tbs
,Jeera,2,tsp
,Hing,0.5,tsp
,Methi seeds,1,tsp
,Mustard seeds,2,tsp
,Turmeric powder,1.5,tsp
,Red chilly powder,1,tsp
,Red Chillies,2,g
,Cinnamon,1,g
,Cloves,1,g
,Coriander powder,1,tbs
,Jeera powder,1,tbs
,Garam masala,1,tsp
,Achaar masala,1,tsp
,Tomatoes,150,g
,Cilantro,0.25,bunches
,Tamarind,5,g
,Green chillies,1,tbs
,Ginger,2,tbs
,Curry leaves,0.25,packets
,Jaggery,1,tsp
,,,
Steps to prepare,,,
1,Wash Toor dal and soak for 1-2 hours,,
2,Pressure Cook dal with turmeric and a little salt (1:3 water ratio) and then whisk it into a paste and keep it aside.,,
3,"Heat oil – add mustard seeds, cumin seeds,  cloves, cinnamon, methi seeds, dried red chillies, hing",,
4,"Add curry leaves, ginger paste, green chilli paste and saute well",,
5,"Then add tomatoes, turmeric powder, coriander cumin powder, red chilli powder and cook till the tomatoes turn mushy",,
6,Add jaggery and tamarind paste.  Add cooked dal to this tempering,,
7,Add 4 cups of water and adjust the dal consistency as required. Add garam masala and aachar masala. ,,
8,Boil it for sometime and garnish it with chopped cilantro,,
,,,
"Red radish, cucumber salad",,,
Ingredients,,,
,,,
,Cucumber,400,g
,Red Radish,400,g
,Black pepper,2,tsp
,Lemon Juice Concentrate,2,tsp
,Salt,to taste,
,,,
,,,
,,,
Steps to Prepare,,,
1,Slice the radishes and cucumber through the thin slicer in the food processor,,
2,"Mix all the ingredients above, add salt and lemon juice concentrate",,
3,Chill until ready to serve,,
,,,
,,,
,,,
Recipe,Long beans potato sabzi,,,
Ingredients,,,
,,,
,Long beans,1000,g
,Potato,250,g
,Sunflower Oil,3,tbs
,Mustard seeds,1,tsp
,Hing,0.5,tsp
,Turmeric powder,1,tsp
,Red chilly powder,1,tsp
,Coriander powder,4,tsp
,Jeera powder,1,tsp
,Cilantro,0.25,bunches
,Lemon juice concentrate,2,tsp
,Salt,to taste,
,Water,150,ml
,,,
,,,
Steps to Prepare,,,
1,Trim and discard both ends of the beans.  Chop them into small pieces (~0.50 inches).  Peel and dice potatotes into .75 inch cubes,,
2,"Heat the oil in a pot.  Add mustard seeds, asafoetida.  Add the chopped vegetables.",,
3,"Now add the turmeric, red chilly powder, and salt and mix well.  Cover for 5-6 minutes.  Uncover and mix well.",,
4,Add little water and let it cook on low flame until the beans and potatoes are cooked and most of the water is absorbed. This may take about 30-45 mins to cook properly. Mix gently in between,,
5,"Once the green beans and potatoes are cooked and tender, add the ground cumin and ground coriander.",,
6,Mix well and cook uncovered on medium heat to burn off most of the excess remaining liquid. Allow 30-45 mins to cook properly on low flame. ,,
7,Add salt to taste and a small amount of freshly squeezed lemon juice.  Add lemon juice based on taste. Mix and garnish with finely chopped fresh cilantro.,,
,,,
,,,
Recipe,Thai Red Curry  with Vegetables and Tofu,,,
Ingredients,,,
,Red Curry Paste,4,oz
,Coconut milk,1.5,cans
,Tofu - extra firm,1.5,packets
,"Bamboo shoots, canned",0.5,cans
,Red bell pepper,250,g
,Broccoli,350,g
,Cauliflower,400,g
,Sugar,1,tbs
,Cilantro,0.25,bunches
,,,
,,,
Steps to Prepare,,,
1,"Chop the vegetables and tofu into bite sized pieces (Broccoli + cauliflower 1 inch florets, red bell pepper into 1 inch squares, tofu into 1 inch cubes)",,
2,To a large pot add the creamy part of half of the coconut milk and reduce the cocount milk until it starts to release oil,,
3,Add the curry paste and saute for a few minutes until fragrant.  Add broccoli and cauliflower and mix.,,
4,"Once a bit tender, bamboo shoots and tofu.  Once cauliflower is about 70% done add the red bell pepper.",,
5,Add remaining coconut milk.  Simmer for a few minutes taking care that the red pepper is still crunchy to eat.,,
6,All vegetables should be cooked with a slight crunch and not mushy.  Switch off flame and add cilantro,,
,,,
,,,
Recipe,Green cabbage salad (thai),,,
Ingredients,,,
,,,
,Cabbage,350,g
,Romaine lettuce,125,g
,Mint,0.5,bunches
,Cilantro,0.5,bunches
,Sesame seeds,20,g
,Dressing:,,
,Tamari,2,tbs
,Garlic,5,g
,Green chillies,1,g
,Lemon juice concentrate,1,tbs
,Sugar,1,tbs
,Salt,to taste,
,,,
,,,
,,,
Steps to Prepare,,,
1,Shred the cabbage into thin long pieces in the food processor.  Shred the lettuce into long thin strips,,
2,Roughly chop the cilantro and mint,,
3,"Combine tamari, garlic, chillies, lemon, sugar, and salt and then toss well to create the dressing",,
4,"In a bowl mix all the ingredients garnish with sesame seeds, cilantro and mint",,
5,Let it sit for about 20-30 minutes before serving,,
,,,
,,,
Recipe,Parippu (simple toor dal),,,
Ingredients,,,
,Toor Dal,2,cup
,Turmeric powder,2,tsp
,Hing,0.5,tsp
,Lemon juice concentrate,4,tsp
,Salt,to taste,
,,,
,,,
,,,
Steps to Prepare,,,
1,Soak toor dal for 3-4 hours in lukewarm water;  Do not over soak dal.  Pressure cook it until soft; mash / hand blend till smooth. ,,
2,Add hot water to adjust consistency as needed.  Final consistency should be like sambar,,
3,"Add turmeric powder, hing, salt and bring to a boil",,
4,Add lemon juice just before serving.  Serve on the rice with a teaspoon of ghee,,
,,,
,,,
,,,
Recipe,Raw Plantain Poriyal,,,
Ingredients,,,
,Plantain,750,g
,Frozen coconut,100,g
,Onion,100,g
,Green chillies,5,g
,Coconut oil,2,tbs
,Chana dal,1,tbs
,Urad Dal,1,tbs
,Mustard seeds,1,tsp
,Jeera,1,tsp
,Hing,0.5,tsp
,Red Chillies,2,g
,Lemon juice concentrate,1,tsp
,Curry leaves,0.3,packets
,,,
Steps to prepare,,,
1,"Trim the ends of the plantains, peel the green layer.  Cut vertically and slice into quarters of .5 inch thickness.",,
2,Store the cut plantains in water solution of turmeric and salt.  Cut the onions into slices,,
3,Take a large pot and add the cut plantains and some of the turmeric salt water.  Cook over low flame until about 90% done,,
4,"Coarsely grind in a food processor:  Coconut, jeera, green chillies, a hand full of curry leaves and salt",,
5,"In a kadhai heat the oil.  When hot add chana dal, urad dal, mustard seeds.  Once the mustard seeds crackle add red chillies, hing and curry leaves",,
6,Add sliced onions and saute until the onions are translucent,,
7,Check if the plantains are mostly cooked and the water has been mostly evaporated.  Once they are add the oil seasoning to the plantains and give it a good mix,,
8,Add the ground coconut paste.  Mix well and add lemon juice concentrate.  Saute for 3-4 minutes until all flavors are incorporated.  Adjust for salt,,
,,,
,,,
Recipe,Chow Chow Raita Recipe,,,
Ingredients,,,
,Chayote Squash,500,g
,Yogurt,2,cup
,Green chillies,2,g
,Salt,to taste,
,Cilantro,0.25,bunches
,For tempering,,
,Sunflower oil,1,tbs
,Urad dal,1,tsp
,Mustard seeds,0.5,tsp
,Jeera,0.5,tsp
,Hing,0.25,tsp
,Curry leaves,0.2,packets
,,,
Steps to prepare,,,
1,Wash and peel the chayote squash.  Cut lengthwise and remove the seed,,
2,Grate with a large hole grater in the food processor.  Blend the green chillies,,
3,"Heat oil in a pot.  Once hot add urad dal, mustard seeds, jeera, hing, curry leaves, green chillies",,
4,Add grated chayote squash and salt to taste.  Saute and let it cook for 2-3 minutes.  It will cook quickly,,
5,Remove from heat and let it cool.  ,,
6,Whisk yogurt and add to the choayote squash.  Mix properly and adjust salt to taste,,
7,Finely chop the cilantro and add to garnish the raita before serving,,
,,,
,,,
,,,
Recipe,Mexican Rice,,,
Ingredients,,,
,,,
,Basmati Rice,2.5,cup
,Sunflower Oil,3,tbs
,Garlic,20,g
,Onion,200,g
,Tomato paste,6,tsp
,Bouillon,10,g
,Peas,1,cup
,Jalapeno,10,g
,cilantro,0.1,bunches
,Tone's Cilantro Lime,8,g
,Water,5,cup
,,,0
Steps to Prepare,,,
1,Rinse the rice 2-3 times until the water runs clear. Set aside.,,
2,"In a large saucepan over medium-high heat, add the oil. Once hot, add the rice and stir to combine",,
3,"Cook over medium heat, stirring frequently, until the rice is lightly roasted all over (about 10 minutes).",,
4,"Add tomato paste, garlic, and diced onion to the pan and saute for 3-4 minutes.   Add bouillion, salt, peas, jalapeno and Tone's cilantro lime mix",,
5,"Add water (1.25x of the rice).  Bring to a boil, then cover, reduce heat to low and cook for about 20 minutes or until the water is completely absorbed. ",,
6,Remove from heat and allow to rest for 5 minutes before fluffing with a fork.,,
,,,
,,,
Black Beans,,,
Ingredients,,,
,,,
,Black Beans,400,g
,Olive Oil,5,tbs
,Onion,200,g
,Garlic,25,g
,Jalapeno,10,g
,Jeera powder,1,tsp
,Mexican dried oregano,2.5,tsp
,Smoked paprika,2,tsp
,Salt,to taste,0
,Black pepper,5,g
,Crushed tomatoes,500,g
,Lemon juice concentrate,2,tbs
,Cilantro,0.5,bunches
,,,0
,,,0
Steps to Prepare,,,
1,Soak black beans overnight and add a bit of salt and baking soda to the soaking solution.  Drain in the morning and wash once,,
2,Pressure cook the beans with bay leaves.  Once the pressure cook has its first whistle lower the flame to minimum and cook the beans for 45 minutes,,
3,Let the pressure drop normally.  Open the cooker and discard the bay leaves and take out extra liquid and store on the side,,
4,"Heat a large sauté pan over medium heat with half the oil.  Once hot, add the onion with a pinch of salt and cook until the onion has softened and is golden",,
5,"Add the garlic, jalapeño, cumin powder, mexican oregano and paprika.  Cook for 1 to 2 minutes, stirring frequently.",,
6,Add the tomatoes and let it cook until the tomatoes are cooked properly and the liquid evaporates.  Add black pepper at this stage.,,
7,"Add the black beans with some of liquid  and bring to a simmer until thickened and saucy. If it gets too thick, add the reserve water from the pressure cooker",,
8,"Stir in the remaining olive oil, a squeeze of lime juice, and cilantro. Taste, and add salt/pepper or more lime juice to taste.",,
9,"Final texture of the beans should be saucy, not dry, separate beans",,
Reference:,https://rainbowplantlife.com/mexican-black-beans/#wprm-recipe-container-26498,,
,,,0
,,,0
,,,0
,,,0
,,,0
Recipe,Tomato Salsa,,,
Ingredients,,,
,,,0
,Tomatoes,450,g
,Jalapeno,5,g
,Onion,100,g
,Lemon juice concentrate,3,tbs
,Salt,to taste,0
,Garlic,0.5,tbs
,Cilantro,0.2,bunches
,Black pepper,1,tsp
,Mexican dried oregano,1,g
,,,0
,,,0
Steps to Prepare,,,
1,Optional step:  boil the tomatoes and cool.  Take the peels off and use it for the salsa for more flavor.  Can also grill them instead,,
2,"Chop the onions, garlic and jalapenos in a food processor.  Lightly pulse the tomatoes in the food processor separately.  ",,
3,"Finely chop the cilantro.  Mix everything together in a bowl.  Add salt, pepper, lemon juice and mix",,
4,Refrigerate it for 30-45 minutes (or a few hours) before serving,,
,,,
,,,
,,,
,,,
Recipe,Guacamole,,,
Ingredients,,,
,,,
,Avocado,6,pieces
,Onion,100,g
,Tomatoes,150,g
,Cilantro,0.25,bunches
,Green chillies,5,g
,Garlic,5,g
,Lemon juice concentrate,3,tbs
,Salt,to taste,0
,Tomatillos,1,pieces
Steps to Prepare,,,
1,"Slice the avocados in half, remove the pit, and scoop into a mixing bowl.  Husk and chop the tomatillos.",,
2,Mash the avocado with a potato masher and make it as chunky or smooth as you'd like,,
3,Finely chop the onions and cut the tomatoes into small cubes,,
4,Add all ingredients EXCEPT the tomatoes and mix. Give it a taste test and add a pinch more salt or lime juice if needed.,,
,,,
,,,
,Serve separately on the side:  ,,
,Romaine Lettuce,200,g
,Baby spinach,100,g
,Wash the lettuce and pat dry.  Cut into bite sized pieces and serve the lettuce and baby spinach mixed with the meal.,,
,,,
Radish Sambar,,,
Ingredients,,,
,Toor dal,1.75,cup
,Tamarind,25,g
,Sambar powder,3,tbs
,Turmeric powder,1,tsp
,Cilantro,0.5,bunches
,Radish,250,g
,Tomatoes,50,g
,Onion,100,g
,For tempering,,
,Sesame (Gingelly) Oil,2,tbs
,Methi seeds,0.5,tsp
,Mustard seeds,1,tsp
,Jeera,1,tsp
,Hing,0.25,tsp
,Red Chillies,5,g
,Curry leaves,0.5,packets
,Salt,to taste,
,,,
,,,
Steps to prepare,,,
1,Rinse the toor dal 2-3 times in water and soak it with 3x water and some hing and a few drops of oil and soak for 2-4 hours,,
2,Pressure cook it:  once the pot is at full pressure reduce the heat and let it cookfor 15 minutes,,
3,Switch off the flame and let the pressure drop naturally,,
4,"Once the pressure drops, open the lid and whisk the cooked dal together until its smooth",,
5,Slice onions into thin slices after cutting them in half. Chop the radish into thin rings.  Chop tomatoes into 1 inch cubes,,
6,Soak the tamarind in hot water for an hour.  Squeeze it with your hands and remove the pulp and set aside,,
7,"Heat the oil in a pot.  Once hot add mustard seeds, jeera, methi, hing, turmeric, dry red chillies and curry leaves",,
8,Add the sliced onion and saute until translucent. Add the tomato and salt to taste,,
9,Saute until the tomato is cooked well.  Add the radish and saute,,
10,Add the sambar powder and salt and saute for 2-3 mins,,
11,Add the tamarind paste and let it cook on a low flame for 10 minutes ,,
12,Add the cooked dal and mix.  Adjust salt and sambar powder if needed,,
13,Finely chop the cilantro and garnish just before serving,,
,,,
,,,
Recipe reference links:,,,
https://hebbarskitchen.com/mullangi-sambar-recipe-radish-sambar/#mullangi_sambar_video_recipe,,,
,,,
,,,
Recipe,Beetroot Thoran,,
Ingredients,,,
,Beetroot,1000,g
,Onion,100,g
,Frozen coconut,100,g
,Green chillies,5,g
,Curry leaves,0.3,packets
,Jeera,2,tsp
,Coconut oil,2,tbs
,Mustard seeds,1,tsp
,Turmeric powder,0.5,tsp
,Salt,to taste,
,,,
Steps to prepare,,,
1,Peel the beetroot and cut off the base and top.  Cut it in 4 quarters.  Now grate all through a food processor thick blade.  ,,
2,"Keep aside.  Slice onions and keep aside.  Make a coarse paste of coconut, green chillies and jeera",,
3,"Take coconut oil in a pot.  Once hot add mustard seeds, once they splutter add curry leaves and turmeric powder",,
4,Add the grated beetroot and salt and give it a good mix.  Cover and let it cook on low flame for 2-3 minutes,,
5,Uncover and mix.  Add some water to help the beetroot cook well.  Cover and cook the beetroot well.  If it needs more water add some along the way,,
6,"Once the beetroot is cooked you dont want any leftover water, so be careful to not add too much water",,
7,Add the ground coconut paste and give it a good mix.  Turn off the flame and cover and let it sit for 5 minutes,,
,,,
,,,
Recipe,Green Cabbage Salad,,
Ingredients,,,
,Cabbage,450,g
,Onion,100,g
,Cilantro,0.25,bunches
,Frozen Coconut,35,g
,Mustard seeds,1,tsp
,Jeera,1,tsp
,Hing,0.5,tsp
,Salt,to taste,
,Lemon juice concentrate,1,tbs
,Black pepper,5,g
,Coconut Oil,1,tbs
,,,
Steps to Prepare,,,
1,"Shred the cabbage into thin long pieces, and finely chop the onion.  Thaw the coconut to room temperature.  Finely chop the cilantro",,
2,"Mix together cabbage, onion, coconut, cilantro, lemon juice, salt and pepper",,
3,"Heat up coconut oil in a pan.  Once hot add mustard seeds, jeera, hing and curry leaves and add the tempering to the salad",,
4,Mix it all up.  Garnish with some cilantro before serving,,
,,,
,,,
,,,
,,,
Recipe,Plain Mung Dal Khichdi,,
Ingredients,,,
,,,
,Ambe mor rice,1.5,cup
,Mung dal,1.5,cup
,Water,9,cup
,Turmeric powder,1,tsp
,Black pepper,1,tsp
,Salt,to taste,
,,,
Steps to prepare,,,
1,"Wash the rice and dal and set aside for about an hour.  In a large pot combine the rice, dal and water.  Bring it to a boil",,
2,Add turmeric and black peppercorns and let it cook on medium flame.  Add salt once the khichdi is almost done and mix well,,
3,Keep stirring and add water if needed.  The final consistency should be a thick porridge like; not dry like Pulav,,
,,,
Recipe,Leftover Veggies into stir-fry or salad,,
,,,
Steps to Prepare,,,
1,This is a buffer created to finish up whatever vegetables are left in the kitchen,,
2,"Make a simple stir fry by chopping the vegetables and adding it to a simple tadka of oil, jeera, hing and salt.  ",,
3,Add a touch of turmeric powder and red chilly powder,,
4,If vegetables lend themselves to a salad then make a quick simple salad,,
,,,
,,,
,,,
Recipe,Aloo Tamatar Sabzi,,
,,,
,,,
,Potato,1000,g
,Tomatoes,200,g
,Mustard oil,4,tbs
,Jeera,2,tsp
,Fennel,1,tsp
,Hing,0.25,tsp
,Turmeric powder,1,tsp
,Red chilly powder,0.25,tsp
,Coriander powder,2,tsp
,Ginger,10,g
,Green chillies,5,g
,Cilantro,0.25,bunches
,,,
Steps to prepare,,,
1,"In a pot, heat mustard oil, add cumin seeds, fennel seeds let it splutter well.",,
2,"Add the asafoetida, crushed chillies & ginger saute for a minute.",,
3,"Add turmeric powder, red chilli powder, coriander powder saute for a minute.",,
4,Add tomato and saute until fragrant. Then add the potatoes and mix it well.,,
5,"Add water, salt to taste, and stir it once then put the lid on and cover and let it cook on low-medium flame until the potatoes are cooked",,
6,Remove the lid and with the help of a masher mash some of the potatoes and then boil it for a minute.,,
7,Finish it with little ghee and garnish with coriander leaves.,,
,,,
,,,
Recipe,Masoor Dal,,
Ingredients,,,
,,,
,Mustard Oil,3,tbs
,Nigella Seeds,1,g
,Red Chillies,2,g
,Green Chillies,1,g
,Bay Leaf,1,g
,Turmeric Powder,0.5,tsp
,Masoor Dal,2,cup
,Salt,to taste,
,Water,10,cup
,Cilantro,0.5,bunches
,,,
,,,
Steps to Prepare,,,
,,,
1,Wash the dal thoroughly with plenty of water. Soak the dal for 1 hour,,
2,Pressure cook the dal until soft and mash it until smooth. Add water to get desired consistency,,
3,"Heat oil in a pan add black jeera, red chillies, green chilles, bay leaf, turmeric and add it to the whisked dal. Add salt. ",,
4,Let the dal boil for 4-5 mins. Adjust dal consistency by adding more water. ,,
5,Garnish with chopped cilantro,,
,,,
Ref:,https://youtu.be/plb-4p9V6U4?si=j_b_myTlJJlObYfi,,
,https://www.bongeats.com/recipe/plain-mosur-dal,,
,,,
Recipe,Mixed Vegetable,,
Ingredients,,,
,Potato,225,g
,Sweet Potato,100,g
,Red pumpkin,225,g
,Cauliflower,225,g
,Long Beans,100,g
,Cabbage,150,g
,Eggplant,100,g
,Mustard Oil,3,tbs
,Red Chillies,0.5,g
,Bay Leaf,0.25,g
,Green Chillies,0.5,g
,Turmeric Powder,0.5,tsp
,Sugar,1,tbs
,Panch phoran,10,g
,Garam Masala,2,tsp
,,,
Steps to prepare,,,
1,Cut potatoes and pumpkin in 1.5 inch cubes,,
2,Cut sweet potatoes in 1 inch cubes,,
3,Cut cauliflower cabbage beans eggplant in 2 inch cubes,,
4,"Heat oil and add dried red chillies, bay leaves, one green chilli, and panch phoron.",,
5,Add potatoes and sweet potatoes. Fry for 3 minutes,,
6,"Next, add pumpkin. Fry for 3 minutes.",,
7,Add cauliflower and fry for 3 minutes,,
8,"Then, add long beans, and fry for 3 minutes.",,
9,Add cabbage and eggplant. Keep stirring and frying,,
10,"Add salt and turmeric. Cover the pan and keep cooking the vegetables on low heat, stirring occasionally (about 15 minutes or so",,
11,"Add sugar, and continue cooking, covered, for another 10 minutes. The salt and sugar will draw water from the vegetables, and allow them to cook in their own juices",,
12,"Finally, garnish with green chillies, chopped coriander leaves, bhaja masala. Cover and rest for a few minutes before serving.",,
,,,
,,,
Recipe,Tomato Cucumber Romaine Salad,,
Ingredients,,,
,Romaine lettuce,750,g
,Cucumber,700,g
,Tomatoes,500,g
,Cilantro,0.5,bunches
,Black Pepper,2,tsp
,Lemon Juice Concentrate,4,tbs
,Olive Oil,3,tbs
,Salt,To taste,
,,,
Steps to prepare,,,
1,"Wash and dry cucumbers, tomatoes, lettuce and cilantro. Peel the cucumbers if they are waxy.",,
2,"Cut cucumbers, tomatoes, lettuce into 1 inch bite sized cubes ",,
3,"Add  salt, pepper, olive oil, lemon juice and mix well",,
4,Garnish with cilantro and serve,,
,,,
Recipe,Coconut Milk Basmati Rice,,
Ingredients,,,
,,,
,Sunflower Oil,4,tbs
,Black Pepper,4,tsp
,Cardamom,1,tsp
,Cloves,2,tsp
,Bay Leaf,0.25,g
,Fennel,4,tsp
,Cinnamon,5,g
,Green Chillies,5,g
,Ginger,2,tsp
,Garlic,2,tsp
,Onion,750,g
,Carrots,300,g
,Peas,1,cup
,Mint,0.25,bunches
,Coconut Milk,2,cans
,Basmati Rice,4,cup
,Cilantro,0.5,bunches
,Salt,To taste,
,Water,,
,,,
,,,
Steps to prepare,,,
1,Rinse and wash the basmati rice thoroughly,,
2,Cut onion and carrots into 1 inch cubes. Cut green chilies obliquely into 2 pieces. ,,
3,"Heat oil and add pepper, cardamom, cloves, bay leaf, tsp fennel, and cinnamon and saute spices till it turns aromatic",,
4,"Add green chilli, crushed ginger garlic and saute well",,
5,Add onion and saute till the onion softens slightly,,
6,"Add peas and carrots along with mint,  salt and saute till the mint shrinks slightly",,
7,Pour in 2 cans of coconut milk ( approx 4 cups) mixed with 4 cups of water and mix it well,,
8,Once the milk comes to a rolling boil add basmati rice and mix gently,,
9,"Cover and simmer for 20 minutes, or until the rice is cooked well.",,
10,"Fluff gently, and add cilantro. Mix gently. Let the rice sit for sometime before serving so that the flavor enhances. ",,
,,,
,Ref ,https://hebbarskitchen.com/coconut-milk-pulao-recipe-coconut-rice/#Recipe_Card_for_Coconut_Milk_Pulao,
,,https://www.youtube.com/watch?v=CgJfIotmHBA,
,,,
,,,
,,,
,,,
Recipe,Veg Kurma,,
Ingredients,,,
,,,
,Frozen coconut,100,g
,Cashews,25,g
,Fennel,10,g
,Green Chillies,5,g
,Bay Leaf,0.25,g
,Jeera,5,g
,Cardamom,1,tsp
,Cloves,1,tsp
,Sunflower Oil,2,tbs
,Onion,100,g
,Ginger,5,g
,Garlic,5,g
,Tomatoes,300,g
,Carrots,250,g
,Potato,200,g
,Cauliflower,250,g
,Peas,1.5,cup
,Cilantro,0.5,bunches
,Salt,To taste,
,Water,,
,Turmeric Powder,1,tsp
,Red Chilly Powder,1,tsp
,Garam Masala,2,tsp
,,,
,,,
,,,
Steps to Prepare,,,
1,"Fine chop onions and tomatoes, slit chillies, cut veggies in 1/2 inch cubes",,
2,"Make a fresh paste of green chillies, fennel and coconut",,
3,"Heat oil, add bay leaf, cloves, jeera, cardamom untill aromatic",,
4,Add chopped onions and fry until translucent. Add ginger garlic and saute well,,
5,Add tomatoes and saute until it gets cooked well,,
6,"Add turmeric powder, salt, chilli powder, garam masala and cilantro and saute for 2-3 mins",,
7,Add veggies and cook for 3- 5 mins until veggies get cooked,,
8,Add the ground coconut fennel paste and cook for 2-3 mins until the aromatic,,
9,Garnish with cilantro ,,
,,,
,,,
,,,
,,,
,,,
Recipe,Black Channa Sundal,,
Ingredients,,,
,Black Chana,400,g
,Frozen coconut,175,g
,Mustard seeds,5,g
,Urad Dal,1,tsp
,Jeera,5,g
,Curry leaves,0.25,packets
,Cilantro,0.5,bunches
,Sunflower Oil,2,tbs
,Green Chillies,5,g
,Jeera Powder,2,tsp
,Coriander Powder,2,tsp
,Hing,0.5,tsp
,Water,6,cup
,Salt ,To Taste,
Steps to perpare,,,
1,Wash the chana properly 3-4 times and soak over night for at least 8 hours.  Pressure Cook the dal with 1:3 ratio of chana: water.  ,,
2,"The chana should not get mushy. It was be firm but soft. If you press it between thumb and finger, it should mash easily",,
3,"Heat the oil in a pan on medium heat. Once hot add mustard seeds and let them splutter. Then add urad dal, hing and saute until light brown. ",,
4,"Add chopped green chilies, and curry leaves. Saute for 30-40 seconds",,
5,"Add boiled, drained chana and salt. Mix well and cook for 2 minutes.  Add grated coconut, jeera powder and coriander powder mix and cook for a minute",,
6,Garnish with cilantro,,
7,PS: The water drained from cooked channa is very healthy. Please use it for something or share and drink as soup :-),,
,,,
,,,
Recipe,Sliced Carrots and Cucumber,,0
Ingredients,,,
,,,
,Carrots,500,g
,Cucumber,500,g
,Lemon Juice Concentrate,2,tbs
,Black Pepper,2,tsp
,Cilantro,0.25,bunches
,Salt,to taste,
,,,
,,,
Steps to Prepare,,,
1,Cut Carrots and cucumbers in to 2 inches long strips and about half inch thick,,
2,"Add salt, black pepper, and mix well",,
3,Add lemon juice concentrate,,
4,Garnish with cilantro,,
,,,
,,,
,,,
Recipe,Vermicelli Payasam,,0
Ingredients,,,
,Vermicelli,1.2,cup
,Milk,6.5,cup
,Sugar,0.5,cup
,Ghee,2,tsp
,Cardamom,2,tsp
,Cashews,20,g
,Saffron,0.25,g
,,,
Steps to Prepare,,,
1,Crush the saffron lightly between your finger and soak it in milk and leave aside,,
2,In some ghee roast the cashews on medium low flame until golden brown and keep aside,,
3,Heat up some ghee in a pot and roast vermicelli on low to medium flame until golden brown.  keep aside,,
4,"Bring the milk to a boil in a large pot, stirring occassionally.  Once boiling add the roasted vermicelli and mix properly",,
5,Cook on low flame until vermicelli softens,,
6,Add the sugar and mix well;  let it simmer until the payasam thickens.  Turn off the heat,,
7,"Add the saffron mixture, cardamom, raosted cashews and mix",,
8,Dates served seperately for vegans,,