Recipe,Chole Masala,,
Ingredients,,,
,,,
,Chickpeas,2.5,cup
,Chana dal,0.5,cup
,Tomatoes,250,g
,Ginger,25,g
,Salt,to taste,
,Hing,0.3,tsp
,Dry ginger powder,0.5,tsp
,Sunflower oil,1,tbs
,Bay Leaf,1,g
,Jeera,1,tsp
,Chana masala,3,tsp
,Coriander powder,1,tsp
,Garam masala,0.5,tsp
,Kasuri methi,0.25,tsp
,Lemon juice concentrate,3,tsp
,Cilantro,0.25,bunches
,,,
Steps to Prepare,,,
1,Important prep:  Wash, rinse and soak chole (chickpeas), and the chana dal for at least 8 hours,,
2,Boil chole with salt, hing, and ginger powder,,
3,Heat oil in pan, add bay leaf and cumin seeds.  Add ginger paste,,
4,Add chopped tomato (alternatively blend tomatoes in Vitamix and add),,
5,Cook till the tomato dries up,,
6,Add chana masala and coriander powder to tomato and saute well for a few mins,,
7,Add masala to chole and cook on high flame for about 10 minutes till it thickens slightly. Keep stirring while it cooks,,
8,Add half the chopped cilantro while it is still cooking,,
9,Mash some chana to give it thicker consistency and also add boiled water if necessary (consistency of final dish should be semi thick),,
10,Add garam masala, kasuri methi, and first taste. Then add lemon juice based on the taste.,,
11,Garnish with the remaining chopped cilantro,,
,,,
Recipe,Carrot Mung Dal Salad,,
Ingredients,,,
,Carrots,500,g
,Mung Dal,0.75,cup
,Frozen coconut,68,g
,Lemon juice concentrate,2.5,tbs
,Mustard seeds,1,tsp
,Urad dal,2,tsp
,Green chillies,5,g
,Hing,0.25,tsp
,Curry Leaves,0.5,packets
,Cilantro,0.5,bunches
,Salt,to taste,
,,,
Steps to Prepare,,,
1,Remove the frozen grated coconut from the freezer and let it thaw completely,,
2,Soak the mung dal for 1 hr and then drain the excess water, keep aside in a large mixing bowl,,
3,Grate the carrots in the food processor and mix with the soaked dal,,
4,Squeeze the lemon juice and keep aside,,
5,Clean and finely chop cilantro.  Finely chop green chillies and curry leaves and keep aside,,
6,Heat oil, add mustard seeds, once they sputter add urad dal, hing .  When ulad dal is golden add curry leaves and green chillies,,
7,Add the coconut, salt, lemon juice, cilantro.   Toss and mix evenly and serve,,
,,,
Recipe reference:  https://www.youtube.com/watch?v=PruRcttXXNQ ,,,
,,,
Recipe,Langar wali dal,,
Ingredients,,,
,Whole black Urad Dal,1.5,cup
,Chana dal,1.0,cup
,Turmeric powder,1,tsp
,Water,7.5,cup
,Salt,to taste,
,Ghee,3.0,tbs
,Sunflower oil,0.5,tbs
,Jeera,2.0,tsp
,Hing,0.5,tsp
,Turmeric powder,1,tsp
,Red chilly powder,1,tsp
,Bay leaf,5,g
,Ginger,15,g
,Garlic,10,g
,Green chillies,5,g
,Onion,350,g
,Tomatoes,150,g
,Coriander powder,2,tsp
,Cilantro,0.25,bunches
,,,
Steps to Prepare,,,
1,Important prep:  Wash and soak urad dal and chana dal for 4 hours, preferably overnight,,
2,Boil : Add soaked urad and chana dal, water, turmeric, salt to taste and cook in a large pot until soft,,
3,Alternatively you can pressure cook the dal - once cooker is at pressure let it cook for 20 minutes on low flame,,
4,Mash the dal with the back of a spatulla or ladle,,
5,Grate the onions in the food processor; make a puree of the tomatoes in the food processor,,
6,Grind ginger, garlic and green chillies into a coarse paste.  Finely chop the cilantro,,
7,Regular Tempering:  For 90% of the dal make the following tempering with ghee,,
8,Heat ghee in a pot and when hot add bay leaves, cumin and let sizzle.  Add hing,,
9,Add ginger garlic and chilli and saute a few mins till fragrant,,
10,Add onion and saute till golden brown. Add turmeric, red chilly powder, coriander powder and saute for a few seconds,,
11,Add tomateos and saute till the ghee begins to separate.,,
12,Transfer the tempering into the cooked dal mix boil for 10 mins,  garnish with chopped cilantro,,
13,Vegan Tempering:  make the same tempering as the regular version but use oil instead of ghee (for about 10% of the dal),,
,,,
,,,
Recipe,Cucumber Raita,,
Ingredients,,,
,Cucumber,600,g
,Yogurt,2,cup
,Jeera,2,tsp
,Cilantro,0.5,bunches
,Salt,to taste,
,,,
,,,
Steps to Prepare,,,
1,Wash the cucumbers and pat dry.  Grate the cucumbers in the food processor with thick blade.  No need to peel them if we get persian cucumbers,,
2,These persian cucumbers have thin skins so no need to peel.  Once grated leave them aside - dont mix with yogurt ,,
3,Roast the cumin and lightly powder it,,
4,For vegans please keep about 20% of the grated cucumbers aside.  just before serving add salt and roasted cumin powder and a dash of olive oil and mix,,
5,For the regular portion:  Whisk the yogurt and add roasted cumin powder and salt and keep aside.,,
6,Just before serving add the cucumber to the yogurt and mix well.,,
7,Garnish with cilantro and serve,,
,,,
Recipe,Kada Prasad,,
Ingredients,,,
,Whole wheat flour,1.5,cup
,Ghee,1.5,cup
,Sugar,1.5,cup
,Water,1.5,cup
,,,
Steps to Prepare,,,
1,Melt the ghee in a kadai/wok.  Note that ghee and sugar are 1-1, and flour and water are 1-1 in volume but not in weight.,,
2,Please follow the weights as listed in the recipe above,,
3,Add wheat flour and cook till dark golden and aromatic on low flame.  Add water and mix well and keep stirring so lumps arent formed,,
4,Remember that since you will cook a large quantity add the water before reaching the final desired color as the residual heat will continue ,,
5,Add sugar and mix properly.  Cook till everything comes together and Prasad starts leaving ghee,,
6,to bring additional color.  Watch the recipe below..,,
7,Serve warm,,
,,,
Recipe reference links:,https://ranveerbrar.com/recipes/kada-prasad/,,
,,,
,,,
Recipe,Aloo french beans sabzi,,
Ingredients,,,
,French Green Beans,800,g
,Potato,400,g
,Green chillies,5,g
,Garlic,10,g
,Ginger,10,g
,Mustard Oil,4,tbs
,Mustard seeds,1,tsp
,Jeera,1,tsp
,Red chillies,1,g
,Hing,0.5,tsp
,Curry leaves,0.1,packets
,Salt,to taste,
,Black salt,1,g
,Black pepper,1,tsp
,Turmeric Powder,1,tsp
,Garam masala,1,tsp
,Lemon juice concentrate,2,tsp
,Cilantro,0.5,bunches
,,,
,,,
Steps to Prepare,,,
1,Wash the beans & pat them dry, then cut the tops and the bottom slightly & chop them into 1-2 cm pieces,,
2,Cut the peeled potatoes into small cubes.  Make a coarse past of ginger, garlic & green chillies (okay to skip garlic if you'd like),,
3,Set a pot over high flame, add the mustard oil.  Let it heat up until it reaches its smoking point.  Then lower the flame & let the oil cool down slightly.,,
4,Add mustard & cumin seeds, red chilli, asafoetida, curry leaves & the ginger garlic paste, stir well & cook briefly,,
5,Next, add the diced potatoes, stir well & cook over high flame for 1-2 minutes, then cover & cook over low flame until the potatoes get 85% cooked,,
6,Take the lid off & stir the potatoes at intervals for about 6-8 minutes,,
7,Once the potatoes are 90% cooked, add the beans along with salt, black salt, black pepper & turmeric powder,,
8,Stir well then cover & cook over low flame for 5-6 minutes or until the beans get cooked.  Dont overcook the beans - the texture of the beans should be slightly crunchy,,
9,Give it a stir 2-3 times while cooking just to ensure that the potatoes don’t stick to the bottom.,,
10,Once cooked, add garam masala, lemon juice & fresh cilantro and mix everything properly,,
,,,
Reference:,https://www.youtube.com/watch?v=chSO4P_UBV8,,
,,,
Recipe,Mexican Rice,,
Ingredients,,,
,,,
,Basmati Rice,2.5,cup
,Sunflower Oil,3,tbs
,Garlic,20,g
,Onion,200,g
,Tomato paste,6,tsp
,Bouillon,10,g
,Peas,1,cup
,Jalapeno,10,g
,cilantro,0.10,bunches
,Tone's Cilantro Lime,8,g
,Water,5,cup
,,,
Steps to Prepare,,,
1,Rinse the rice 2-3 times until the water runs clear. Set aside.,,
2,In a large saucepan over medium-high heat, add the oil. Once hot, add the rice and stir to combine,,
3,Cook over medium heat, stirring frequently, until the rice is lightly roasted all over (about 10 minutes).,,
4,Add tomato paste, garlic, and diced onion to the pan and saute for 3-4 minutes.   Add bouillion, salt, peas, jalapeno and Tone's cilantro lime mix,,
5,Add water (1.25x of the rice).  Bring to a boil, then cover, reduce heat to low and cook for about 20 minutes or until the water is completely absorbed. ,,
6,Remove from heat and allow to rest for 5 minutes before fluffing with a fork.,,
,,,
,,,
Recipe,Black Beans,,
Ingredients,,,
,,,
,Black Beans,400,g
,Olive Oil,5,tbs
,Onion,200,g
,Garlic,25,g
,Jalapeno,10,g
,Jeera powder,1,tsp
,Mexican dried oregano,2.5,tsp
,Smoked paprika,2,tsp
,Salt,to taste,
,Black pepper,5,g
,Crushed tomatoes,500,g
,Lemon juice concentrate,2,tbs
,Cilantro,0.5,bunches
,,,
,,,
Steps to Prepare,,,
1,Soak black beans overnight and add a bit of salt and baking soda to the soaking solution.  Drain in the morning and wash once,,
2,Pressure cook the beans with bay leaves.  Once the pressure cook has its first whistle lower the flame to minimum and cook the beans for 45 minutes,,
3,Let the pressure drop normally.  Open the cooker and discard the bay leaves and take out extra liquid and store on the side,,
4,Heat a large sauté pan over medium heat with half the oil.  Once hot, add the onion with a pinch of salt and cook until the onion has softened and is golden,,
5,Add the garlic, jalapeño, cumin powder, mexican oregano and paprika.  Cook for 1 to 2 minutes, stirring frequently.,,
6,Add the tomatoes and let it cook until the tomatoes are cooked properly and the liquid evaporates.  Add black pepper at this stage.,,
7,Add the black beans with some of liquid  and bring to a simmer until thickened and saucy. If it gets too thick, add the reserve water from the pressure cooker,,
8,Stir in the remaining olive oil, a squeeze of lime juice, and cilantro. Taste, and add salt/pepper or more lime juice to taste.,,
9,Final texture of the beans should be saucy, not dry, separate beans,,
Reference:,https://rainbowplantlife.com/mexican-black-beans/#wprm-recipe-container-26498,,
,,,
,,,
Recipe,Charred Corn and Tomato Salsa,,
Ingredients,,,
,,,
,Tomatoes,450,g
,Jalapeno,5,g
,Onion,100,g
,Lemon juice concentrate,3,tbs
,Salt,to taste,
,Charred Corn,300,g
,Olive oil,2,tbs
,Garlic,1,tbs
,Cilantro,0.5,bunches
,Black pepper,1,tsp
,,,
Steps to Prepare,,,
1,Thaw the frozen charred corn and bring to room temperature,,
2,Chop the onions in a food processor.  Lightly pulse the tomatoes in the food processor separately.  ,,
3,Mince garlic and jalapenos into a coarse paste.  Finely chop the cilantro,,
4,Mix everything together in a bowl.  Add olive oil, salt, pepper, lemon juice and mix,,
5,Add cilantro, garlic and jalapenos and mix,,
6,Let it marinate for 20-30 minutes before serving,,
,,,
,,,
Recipe,Guacamole,,
Ingredients,,,
,,,
,Avocado,6,pieces
,Onion,100,g
,Tomatoes,200,g
,Cilantro,0.25,bunches
,Green chillies,5,g
,Garlic,5,g
,Lemon juice concentrate,3,tbs
,Romaine Lettuce,200,g
,Baby spinach,100,g
,Salt,to taste,
,,,
Steps to Prepare,,,
1,Slice the avocados in half, remove the pit, and scoop into a mixing bowl.,,
2,Mash the avocado with a potato masher and make it as chunky or smooth as you'd like. Chop the onions and tomatoes into small cubes,,
3,Finely chop the onions and cut the tomatoes into small cubes,,
4,Add the remaining ingredients and stir together. Give it a taste test and add a pinch more salt or lime juice if needed.,,
,Serve separately on the side:  Wash the lettuce and pat dry.  Cut into bite sized pieces and serve the lettuce and baby spinach mixed with the meal.,,
,,,
Recipe,Red Onion Sambar ,,
Ingredients,,,
,Toor dal,1.75,cup
,Tamarind,25,g
,Turmeric powder,1,tsp
,Sambar powder,3,tbs
,Onion,300,g
,Tomatoes,100,g
,Cilantro,0.5,bunches
,Sesame (Gingelly) Oil,2,tbs
,Methi seeds,0.5,tsp
,Mustard seeds,1,tsp
,Jeera,1,tsp
,Hing,0.25,tsp
,Red Chillies,5,g
,Curry leaves,0.5,packets
,Salt,to taste,
,,,
,,,
Steps to prepare ,,,
1,Rinse the toor dal 2-3 times in water and soak it with 3x water and some hing and a few drops of oil for 1-2 hours,,
2,Pressure cook it:  once the pot is at full pressure reduce the heat and let it cookfor 15 minutes,,
3,Switch off the flame and let the pressure drop naturally,,
4,Once the pressure drops, open the lid and whisk the cooked dal together until its smooth,,
5,Cut onions and tomatoes into 3/4 cubes,,
6,Soak the tamarind in hot water for an hour.  Squeeze it with your hands and remove the pulp and set aside,,
7,Heat the oil in a pot.  Once hot add mustard seeds, jeera, methi, hing, turmeric, dry red chillies and curry leaves,,
8,Add the diced onion and saute until translucent. Add the tomato and salt to taste,,
9,Saute until the tomato is cooked well.  Add the green pepper and saute,,
10,Add the sambar powder and salt and saute for 1-2 minutes,,
11,Add the tamarind water and let it cook on a low flame for 10 minutes ,,
12,Add the cooked dal and mix.  Adjust salt and sambar powder if needed,,
13,Finely chop the cilantro and garnish just before serving,,
,,,
,,,
Recipe,Purple Cabbage Salad,,
Ingredients,,,
,Purple Cabbage,400,g
,Frozen coconut,65,g
,Lemon juice concentrate,2,tbs
,Mustard seeds,1,tsp
,Urad dal,2,tsp
,Hing,0.25,tsp
,Curry Leaves,0.5,packets
,Cilantro,1,bunches
,Ginger,10,g
,Green chillies,1,g
,,,
,,,
Steps to Prepare,,,
1,Shred the cabbage into thin long pieces.  Thaw the coconut to room temperature.  Finely chop the cilantro,,
2,Mix together cabbage, onion, coconut, cilantro, lemon juice, salt and pepper,,
3,Cut green chilies about 1 inch in size,,
4,Heat up coconut oil in a pan.  Once hot add mustard seeds, jeera, hing, ginger, chillies and curry leaves and add the tempering to the salad,,
5,Mix it all up.  Garnish with some cilantro before serving,,
6,Adjust salt and lemon juice based on taste,,
,,,
Recipe,Avial,,
Ingredients,,,
,,,
,Long beans,200,g
,Drumstick,200,g
,Plantain,200,g
,Winter Melon,200,g
,Potato,200,g
,Suran,200,g
,Frozen coconut,120,g
,Jeera,2.5,tsp
,Green chillies,5,g
,Water ,as needed,
,Coconut Oil,3,tbs
,Mustard seeds,1,tsp
,Hing,0.3,tsp
,Curry leaves,0.25,packets
,Yogurt,2,tbs
,,,
Steps to Prepare,,,
1,Peel and cut Veggies into 1.5 length and 1/2 thick,,
2,Keep cut plantain, eggplant in a bowl with water so that it doesn't change color,,
3,Beat the yougurt and keep aside,,
4,Half cook the vegetables that take longer to cook first like carrots.,,
5,Then add rest of the veggies that cook faster. If drumstick is frozen, add it at the end when all veggies are 90% cooked,,
6,Grind thawed coconut, green chillies and jeera into a coarse paste,,
7,Add the ground mixture to the almost cooked veggies and let it cook for 3-5 mins.,,
8,Once the mixture is cooked, allow it to cool and then add the yogurt and mix well. ,,
9,Heat coconut oil and add mustard seeds, curry leaves, hing and add it to the avial,,
10,Garnish with a bit of fresh coconut oil to enhance flavor,,
11,For vegans:  separate some quantity aside before mixing yogurt.  Add lemon juice and mix,,
,,,
,,,
,,,
,,,
Recipe,Mung Dal Payasam,,
Ingredients,,,
,Mung dal,1.3,cup
,Water,5.85,cup
,Coconut oil,4,tsp
,Jaggery,1.43,cup
,Coconut milk,0.52,cans
,Dry Coconut Slices,0.2,cup
,Cardamom,3,tsp
,Cashews,40,g
,Raisins,40,g
,,,
Steps to Prepare,,,
1,Roast moong dal (unwashed) until it is aromatic.  Wash the moong dal, add the water and let it cook until it turns soft.  Add water if needed as it cooks,,
2,In another pot take the jaggery and add a bit of water and stir until jaggery dissolves completely,,
3,Add the cooked mung dal to the jaggery mixture, mix well and simmer for 3-5 minutes,,
4,Heat some coconut oil and on low flame and saute the cashews until golden brown.  Then saute the coconut slices.  Finally saute the raisins until they puff up,,
5,Add coconut milk to the mung dal and jaggery mixture and adjust consistency as needed with water,,
6,Turn off the flame and add cardamom powder and mix.  Add roasted coconut, raisins and cashews and serve,,
,,,
Recipe,Thai Green Curry  with Vegetables and Tofu,,
Ingredients,,,
,Green curry paste,5.0,oz
,Coconut milk,1.5,cans
,Tofu - extra firm,1.5,packets
,Bamboo shoots, canned,0.5,cans
,Red bell pepper,250,g
,Broccoli,350,g
,Cauliflower,400,g
,Sugar,1,tbs
,Cilantro,0.3,bunches
,,,
Steps to Prepare,,,
1,Note that this curry paste is quite spicy so add 75% of the quantity first and then add more if need be towards the end of the dish,,
2,Chop the vegetables and tofu into bite sized pieces (Broccoli + cauliflower 1 inch florets, red bell pepper into 1 inch squares, tofu into 1 inch cubes),,
3,To a large pot add the creamy part of half of the coconut milk and reduce the cocount milk until it starts to release oil,,
4,Add the curry paste and saute for a few minutes until fragrant.  Add broccoli and cauliflower and mix.,,
5,Once a bit tender, bamboo shoots and tofu.  Once cauliflower is about 70% done add the red bell pepper.,,
6,Add remaining coconut milk.  Simmer for a few minutes taking care that the red pepper is still crunchy to eat.,,
7,All vegetables should be cooked with a slight crunch and not mushy.  Switch off flame and add cilantro,,
Reference:,https://hot-thai-kitchen.com/green-curry-new-2/,,
,,,
Recipe,Green papaya salad,,
Ingredients,,,
,Green Papaya,300,g
,Green Beans,50,g
,Carrots,25,g
,Cabbage,25,g
,Tamari,2,tbs
,Tomatoes,25,g
,Garlic,5,g
,Green chillies,1,g
,Lemon juice concentrate,1,tbs
,Sugar,1,tbs
,Salt,to taste,
,Romaine lettuce,100,g
,Sesame seeds,20,g
,Mint,0.5,bunches
,Cilantro,0.5,bunches
,,,
,,,
Steps to Prepare,,,
1,Shred the cabbage into thin long pieces in the food processor.  Shred the lettuce into long thin strips,,
2,Peel the green papaya and grate it in the food processor (thick blade).  Also grate the carrot through the same blade,,
3,Cut the tomatoes into 1/2 inch pieces.  Cut the beans into 1 inch long pieces,,
4,Chop the cilantro and mint,,
5,Combine tamari, garlic, chillies, lemon, sugar, and salt and then toss well to create the dressing,,
6,In a bowl mix all the ingredients garnish with sesame seeds, cilantro and mint,,
7,Let it sit for about 20-30 minutes before serving,,